M (Hyperplanes),D (Bags),T (Filtered),FP (Hashed),FN (Hashed)
104,1,0,0.0,0.9919599999999995
104,1,1,0.0,0.9870399999999997
104,1,2,0.0,0.9773999999999998
104,1,3,0.0,0.96824
104,1,4,0.0,0.9499200000000001
104,1,5,0.0,0.9316400000000002
104,1,6,0.0,0.90696
104,1,7,0.0,0.8758
104,1,8,8e-05,0.8432799999999999
104,1,9,0.0,0.8060399999999998
104,1,10,4e-05,0.7566000000000002
104,1,11,4e-05,0.7168800000000001
104,1,12,4e-05,0.6641200000000002
104,1,13,8e-05,0.6207999999999999
104,1,14,4e-05,0.5775999999999999
104,1,15,0.0002,0.52948
104,1,16,4e-05,0.48452000000000006
104,1,17,0.0004000000000000001,0.43252
104,1,18,0.0006000000000000002,0.39976
104,1,19,0.0006000000000000002,0.35995999999999995
104,1,20,0.0008800000000000001,0.3199600000000001
104,1,21,0.0011200000000000001,0.2803600000000001
104,1,22,0.0016000000000000003,0.2546800000000001
104,1,23,0.0020400000000000006,0.21907999999999997
104,1,24,0.0022800000000000008,0.19208000000000003
104,1,25,0.002560000000000001,0.16368000000000002
104,1,26,0.0033200000000000013,0.14568000000000003
104,1,27,0.004400000000000002,0.12443999999999997
104,1,28,0.004320000000000002,0.10859999999999997
104,1,29,0.006520000000000002,0.09391999999999999
104,1,30,0.007760000000000002,0.07972
104,1,31,0.010480000000000003,0.06944
104,1,32,0.012480000000000005,0.059919999999999994
104,1,33,0.01488000000000001,0.05040000000000002
104,1,34,0.017520000000000008,0.041600000000000026
104,1,35,0.020000000000000007,0.03748000000000002
104,1,36,0.024720000000000013,0.03104000000000002
104,1,37,0.029360000000000018,0.025920000000000012
104,1,38,0.031240000000000018,0.021000000000000008
104,1,39,0.03624000000000002,0.01696000000000001
104,1,40,0.043960000000000006,0.014600000000000009
104,1,41,0.05176,0.012760000000000004
104,1,42,0.05944,0.011040000000000003
104,1,43,0.06692,0.009080000000000003
104,1,44,0.07287999999999999,0.006200000000000002
104,1,45,0.08267999999999999,0.007160000000000002
104,1,46,0.09352,0.005320000000000003
104,1,47,0.10391999999999997,0.004440000000000002
104,1,48,0.11431999999999999,0.003080000000000001
104,1,49,0.13371999999999995,0.0031200000000000004
104,1,50,0.14024,0.0016800000000000003
104,1,51,0.15947999999999998,0.00208
104,3,0,0.0,0.9725199999999999
104,3,1,0.0,0.9502400000000002
104,3,2,0.0,0.9203600000000002
104,3,3,0.0,0.8803999999999997
104,3,4,0.0,0.8274400000000003
104,3,5,0.0,0.7709999999999999
104,3,6,0.0,0.7069200000000001
104,3,7,0.0,0.6448799999999999
104,3,8,4e-05,0.5790799999999998
104,3,9,4e-05,0.5135999999999998
104,3,10,0.00016,0.44480000000000003
104,3,11,8e-05,0.38156
104,3,12,4e-05,0.32295999999999997
104,3,13,4e-05,0.2656400000000001
104,3,14,0.00043999999999999996,0.21943999999999997
104,3,15,0.0002,0.17656000000000002
104,3,16,0.0008400000000000001,0.14215999999999998
104,3,17,0.0011600000000000004,0.11439999999999996
104,3,18,0.0016400000000000006,0.09336
104,3,19,0.0016800000000000007,0.07271999999999998
104,3,20,0.0017200000000000006,0.05475999999999999
104,3,21,0.003880000000000001,0.04144000000000002
104,3,22,0.003320000000000001,0.034720000000000015
104,3,23,0.004880000000000002,0.02656000000000001
104,3,24,0.006240000000000003,0.019560000000000008
104,3,25,0.006880000000000002,0.014800000000000006
104,3,26,0.009200000000000003,0.011960000000000004
104,3,27,0.011400000000000006,0.010000000000000002
104,3,28,0.015680000000000006,0.007640000000000003
104,3,29,0.016320000000000008,0.006280000000000003
104,3,30,0.02272000000000001,0.0042000000000000015
104,3,31,0.024800000000000013,0.004120000000000001
104,3,32,0.031080000000000017,0.0031600000000000013
104,3,33,0.03716000000000002,0.0022
104,3,34,0.04108000000000001,0.0016000000000000003
104,3,35,0.05187999999999999,0.0012800000000000003
104,3,36,0.05979999999999999,0.0009600000000000003
104,3,37,0.06735999999999999,0.00064
104,3,38,0.0816,0.00043999999999999996
104,3,39,0.09316,0.00028000000000000003
104,3,40,0.10927999999999996,0.00048000000000000007
104,3,41,0.12303999999999997,0.00036
104,3,42,0.14036,0.00036
104,3,43,0.15648000000000004,0.00016
104,3,44,0.17808,0.00016
104,3,45,0.19819999999999996,4e-05
104,3,46,0.22043999999999997,8e-05
104,3,47,0.24864,0.00012
104,3,48,0.2697600000000001,8e-05
104,3,49,0.29788,0.0002
104,3,50,0.32332000000000005,4e-05
104,3,51,0.35095999999999994,0.0
104,5,0,0.0,0.9620799999999998
104,5,1,0.0,0.9240399999999999
104,5,2,0.0,0.87616
104,5,3,0.0,0.8204799999999999
104,5,4,0.0,0.7520399999999999
104,5,5,4e-05,0.67596
104,5,6,0.0,0.59228
104,5,7,0.0,0.50996
104,5,8,8e-05,0.42628
104,5,9,8e-05,0.35563999999999985
104,5,10,0.00024,0.28596000000000005
104,5,11,0.00016,0.22415999999999997
104,5,12,0.00024,0.18231999999999993
104,5,13,0.00048,0.13555999999999999
104,5,14,0.0007600000000000002,0.10943999999999995
104,5,15,0.0012000000000000003,0.0812
104,5,16,0.0014800000000000002,0.059000000000000025
104,5,17,0.002,0.04584000000000001
104,5,18,0.0026800000000000005,0.03400000000000002
104,5,19,0.0027200000000000006,0.02480000000000001
104,5,20,0.004720000000000002,0.01724000000000001
104,5,21,0.0052000000000000015,0.014080000000000007
104,5,22,0.007040000000000003,0.009640000000000004
104,5,23,0.009200000000000003,0.006880000000000002
104,5,24,0.011680000000000001,0.005080000000000002
104,5,25,0.012560000000000005,0.0037600000000000008
104,5,26,0.01704000000000001,0.0024400000000000003
104,5,27,0.02192000000000001,0.002160000000000001
104,5,28,0.025520000000000015,0.0021600000000000005
104,5,29,0.029960000000000018,0.0014800000000000002
104,5,30,0.03828000000000002,0.0009600000000000003
104,5,31,0.043720000000000016,0.0010000000000000002
104,5,32,0.05172000000000001,0.0004800000000000002
104,5,33,0.06343999999999998,0.00072
104,5,34,0.07415999999999999,0.00036
104,5,35,0.08455999999999998,0.00032
104,5,36,0.09563999999999999,0.0002
104,5,37,0.10875999999999998,0.0002
104,5,38,0.12680000000000002,0.0002
104,5,39,0.14484,8e-05
104,5,40,0.16567999999999997,0.00012
104,5,41,0.18780000000000005,0.00012
104,5,42,0.21384,0.0002
104,5,43,0.24364,4e-05
104,5,44,0.26963999999999994,8e-05
104,5,45,0.2953199999999999,0.0
104,5,46,0.3212,4e-05
104,5,47,0.35491999999999996,4e-05
104,5,48,0.3868000000000001,4e-05
104,5,49,0.42488000000000015,4e-05
104,5,50,0.4558,0.0
104,5,51,0.49115999999999993,0.0
104,7,0,0.0,0.93756
104,7,1,4e-05,0.89236
104,7,2,4e-05,0.8319199999999998
104,7,3,0.0,0.7526399999999999
104,7,4,0.0,0.6695200000000001
104,7,5,4e-05,0.56724
104,7,6,0.0,0.47312000000000004
104,7,7,4e-05,0.38524
104,7,8,0.00012,0.30540000000000006
104,7,9,0.00012,0.23568
104,7,10,0.0002,0.18096
104,7,11,0.00024,0.1326
104,7,12,0.0004000000000000001,0.09787999999999997
104,7,13,0.0010400000000000003,0.07331999999999998
104,7,14,0.0009200000000000002,0.0516
104,7,15,0.0011200000000000003,0.03848000000000002
104,7,16,0.0013600000000000003,0.027680000000000017
104,7,17,0.0018400000000000011,0.01944000000000001
104,7,18,0.002520000000000001,0.01480000000000001
104,7,19,0.004640000000000002,0.011320000000000004
104,7,20,0.004560000000000002,0.007400000000000002
104,7,21,0.005760000000000003,0.006280000000000001
104,7,22,0.008800000000000004,0.003640000000000001
104,7,23,0.009880000000000005,0.00328
104,7,24,0.013000000000000006,0.00252
104,7,25,0.017080000000000012,0.0016800000000000003
104,7,26,0.02288000000000001,0.00168
104,7,27,0.026400000000000014,0.0010400000000000001
104,7,28,0.02976000000000002,0.0008800000000000002
104,7,29,0.039080000000000024,0.00043999999999999996
104,7,30,0.04636000000000001,0.0005600000000000001
104,7,31,0.05491999999999999,0.0004
104,7,32,0.06215999999999999,0.0002
104,7,33,0.07944,0.0004
104,7,34,0.09420000000000002,0.00016
104,7,35,0.10228,0.00012
104,7,36,0.12183999999999998,0.00012
104,7,37,0.13648,8e-05
104,7,38,0.15824000000000005,8e-05
104,7,39,0.1698,8e-05
104,7,40,0.19820000000000004,8e-05
104,7,41,0.2255999999999999,4e-05
104,7,42,0.24996000000000002,8e-05
104,7,43,0.27540000000000003,4e-05
104,7,44,0.30576000000000003,4e-05
104,7,45,0.33820000000000006,0.0
104,7,46,0.36508000000000007,0.0
104,7,47,0.4063999999999999,4e-05
104,7,48,0.43392000000000025,0.0
104,7,49,0.46699999999999997,0.0
104,7,50,0.50364,0.0
104,7,51,0.5396399999999999,0.0
104,9,0,0.0,0.9218
104,9,1,0.0,0.8669599999999998
104,9,2,4e-05,0.8001599999999999
104,9,3,0.0,0.7153999999999999
104,9,4,4e-05,0.6184799999999999
104,9,5,4e-05,0.5232
104,9,6,8e-05,0.42104000000000014
104,9,7,0.00024,0.32976000000000005
104,9,8,0.00016,0.25008
104,9,9,8e-05,0.18960000000000002
104,9,10,0.00012,0.13608
104,9,11,0.00036,0.09832
104,9,12,0.00032,0.0738
104,9,13,0.0008400000000000001,0.049919999999999985
104,9,14,0.0013200000000000004,0.03496000000000002
104,9,15,0.0019200000000000007,0.027440000000000016
104,9,16,0.002160000000000001,0.01876000000000001
104,9,17,0.0028800000000000015,0.012560000000000005
104,9,18,0.004080000000000001,0.009040000000000003
104,9,19,0.004880000000000001,0.006800000000000001
104,9,20,0.0066400000000000035,0.005760000000000002
104,9,21,0.008280000000000004,0.004360000000000002
104,9,22,0.009640000000000004,0.0024000000000000007
104,9,23,0.015360000000000009,0.00184
104,9,24,0.01860000000000001,0.00196
104,9,25,0.023680000000000014,0.0015600000000000002
104,9,26,0.02604000000000001,0.0008000000000000001
104,9,27,0.03140000000000001,0.00068
104,9,28,0.040120000000000024,0.00048
104,9,29,0.04636000000000001,0.0005200000000000001
104,9,30,0.05672,0.0004
104,9,31,0.06627999999999998,0.00028000000000000003
104,9,32,0.08076,8e-05
104,9,33,0.09508,0.00012
104,9,34,0.10912,4e-05
104,9,35,0.12684000000000004,8e-05
104,9,36,0.14772000000000002,0.00012
104,9,37,0.16379999999999995,0.0
104,9,38,0.1882,4e-05
104,9,39,0.20864000000000005,0.0
104,9,40,0.23620000000000005,0.0
104,9,41,0.266,0.0
104,9,42,0.29812000000000005,0.0
104,9,43,0.3255600000000001,0.0
104,9,44,0.35931999999999986,0.0
104,9,45,0.3890799999999999,0.0
104,9,46,0.4300799999999998,0.0
104,9,47,0.4648399999999999,0.0
104,9,48,0.50024,0.0
104,9,49,0.5267999999999998,0.0
104,9,50,0.5638400000000001,0.0
104,9,51,0.6008799999999999,0.0
104,11,0,0.0,0.9230799999999998
104,11,1,0.0,0.8757599999999996
104,11,2,0.0,0.8014799999999999
104,11,3,0.0,0.7136799999999998
104,11,4,0.0,0.6208400000000001
104,11,5,0.0,0.51824
104,11,6,0.0,0.4215200000000002
104,11,7,0.00012,0.33476000000000006
104,11,8,0.00012,0.2542800000000001
104,11,9,4e-05,0.19700000000000004
104,11,10,0.00012,0.14736
104,11,11,0.0004000000000000001,0.10668
104,11,12,0.0008000000000000003,0.08171999999999999
104,11,13,0.0007600000000000003,0.05871999999999999
104,11,14,0.0008000000000000001,0.04120000000000002
104,11,15,0.0012800000000000003,0.03188000000000001
104,11,16,0.0020800000000000007,0.02120000000000001
104,11,17,0.0031200000000000017,0.01868000000000001
104,11,18,0.0035600000000000015,0.012680000000000004
104,11,19,0.004400000000000002,0.007480000000000002
104,11,20,0.006840000000000002,0.0065200000000000015
104,11,21,0.009760000000000007,0.004400000000000001
104,11,22,0.012560000000000005,0.0031200000000000004
104,11,23,0.015000000000000006,0.0027200000000000015
104,11,24,0.01852000000000001,0.0016000000000000003
104,11,25,0.025440000000000015,0.001
104,11,26,0.03064000000000001,0.0015200000000000003
104,11,27,0.03764000000000002,0.0008800000000000001
104,11,28,0.04576,0.00048
104,11,29,0.05496,0.0004
104,11,30,0.06963999999999998,0.0002
104,11,31,0.07919999999999999,0.00028000000000000003
104,11,32,0.09540000000000001,0.00012
104,11,33,0.11064,0.00012
104,11,34,0.12264000000000001,0.0
104,11,35,0.14512000000000003,0.0
104,11,36,0.16856000000000002,0.0
104,11,37,0.191,0.0
104,11,38,0.21716000000000002,0.0
104,11,39,0.24244000000000007,0.0
104,11,40,0.26888,0.0
104,11,41,0.30204000000000003,0.0
104,11,42,0.32891999999999993,0.0
104,11,43,0.35623999999999995,0.0
104,11,44,0.3959200000000001,0.0
104,11,45,0.43535999999999997,0.0
104,11,46,0.46527999999999975,0.0
104,11,47,0.50224,0.0
104,11,48,0.5427999999999998,0.0
104,11,49,0.574,0.0
104,11,50,0.6160000000000001,0.0
104,11,51,0.6464799999999999,0.0
104,13,0,0.0,0.8978800000000002
104,13,1,8e-05,0.8322799999999999
104,13,2,4e-05,0.73992
104,13,3,8e-05,0.6404400000000001
104,13,4,4e-05,0.5318399999999999
104,13,5,0.00016,0.43392
104,13,6,0.00012,0.33956000000000003
104,13,7,0.0002,0.25476000000000004
104,13,8,0.0002,0.18944000000000003
104,13,9,0.00044000000000000007,0.13519999999999993
104,13,10,0.0005200000000000001,0.09423999999999998
104,13,11,0.00072,0.06955999999999998
104,13,12,0.0008000000000000005,0.04856000000000003
104,13,13,0.0012400000000000004,0.034680000000000016
104,13,14,0.0021200000000000004,0.023800000000000012
104,13,15,0.0022000000000000006,0.016080000000000007
104,13,16,0.002880000000000001,0.012520000000000007
104,13,17,0.005600000000000002,0.007960000000000002
104,13,18,0.006000000000000003,0.005880000000000001
104,13,19,0.008000000000000004,0.003880000000000001
104,13,20,0.012120000000000006,0.003480000000000002
104,13,21,0.015400000000000007,0.0020000000000000005
104,13,22,0.017720000000000007,0.0017200000000000004
104,13,23,0.022000000000000016,0.0012000000000000003
104,13,24,0.027320000000000014,0.0011200000000000003
104,13,25,0.03332000000000002,0.0008
104,13,26,0.038400000000000024,0.0006400000000000002
104,13,27,0.04692000000000001,0.00032
104,13,28,0.05583999999999999,0.00024
104,13,29,0.06872,0.00024
104,13,30,0.07931999999999997,0.00016
104,13,31,0.09623999999999996,0.0002
104,13,32,0.11028000000000002,8e-05
104,13,33,0.124,0.0
104,13,34,0.14768,8e-05
104,13,35,0.16436,4e-05
104,13,36,0.19460000000000005,0.0
104,13,37,0.21820000000000006,0.0
104,13,38,0.2429199999999999,0.0
104,13,39,0.27403999999999995,0.0
104,13,40,0.30772,0.0
104,13,41,0.33848,0.0
104,13,42,0.37928000000000006,0.0
104,13,43,0.4104799999999998,0.0
104,13,44,0.44724,0.0
104,13,45,0.49491999999999997,0.0
104,13,46,0.5233599999999999,0.0
104,13,47,0.5689599999999999,0.0
104,13,48,0.5976,0.0
104,13,49,0.6423200000000001,0.0
104,13,50,0.67892,0.0
104,13,51,0.7082400000000001,0.0
