Angle (Degrees),Cosine Similarity,False Negative Rate,False Positive Rate
6.0,0.994522,0.999901,0.0
6.05,0.99443,0.999901,0.0
6.1,0.994338,0.999802,0.0
6.1499999999999995,0.994245,0.999802,0.0
6.199999999999999,0.994151,0.999802,0.0
6.249999999999999,0.994056,0.999802,0.0
6.299999999999999,0.993961,0.999703,0.0
6.349999999999999,0.993865,0.999703,0.0
6.399999999999999,0.993768,0.999703,0.0
6.449999999999998,0.99367,0.999604,0.0
6.499999999999998,0.993572,0.999505,0.0
6.549999999999998,0.993473,0.999505,0.0
6.599999999999998,0.993373,0.999406,0.0
6.649999999999998,0.993272,0.999406,0.0
6.6999999999999975,0.993171,0.999307,0.0
6.749999999999997,0.993068,0.999208,0.0
6.799999999999997,0.992966,0.999208,0.0
6.849999999999997,0.992862,0.999208,0.0
6.899999999999997,0.992757,0.99901,0.0
6.949999999999997,0.992652,0.998911,0.0
6.9999999999999964,0.992546,0.998911,0.0
7.049999999999996,0.992439,0.998515,0.0
7.099999999999996,0.992332,0.997822,0.0
7.149999999999996,0.992224,0.997723,0.0
7.199999999999996,0.992115,0.997525,0.0
7.249999999999996,0.992005,0.997129,0.0
7.299999999999995,0.991894,0.996832,0.0
7.349999999999995,0.991783,0.996634,0.0
7.399999999999995,0.991671,0.99604,0.0
7.449999999999995,0.991558,0.995248,0.0
7.499999999999995,0.991445,0.994554,0.0
7.5499999999999945,0.991331,0.993762,0.0
7.599999999999994,0.991216,0.993168,0.0
7.649999999999994,0.9911,0.992079,0.0
7.699999999999994,0.990983,0.991485,0.0
7.749999999999994,0.990866,0.990536,0.0
7.799999999999994,0.990748,0.989942,0.0
7.849999999999993,0.990629,0.989348,0.0
7.899999999999993,0.990509,0.987169,0.0
7.949999999999993,0.990389,0.986278,0.0
7.999999999999993,0.990268,0.984478,0.0
8.049999999999994,0.990146,0.98329,0.0
8.099999999999993,0.990024,0.981112,0.0
8.149999999999991,0.9899,0.979627,0.0
8.199999999999992,0.989776,0.977845,0.0
8.249999999999993,0.989651,0.976103,0.0
8.299999999999992,0.989526,0.974816,0.0
8.34999999999999,0.989399,0.97343,0.0
8.399999999999991,0.989272,0.97145,0.0
8.449999999999992,0.989144,0.968718,0.0
8.499999999999991,0.989016,0.967233,0.0
8.54999999999999,0.988886,0.964956,0.0
8.59999999999999,0.988756,0.96248,0.0
8.649999999999991,0.988626,0.95951,0.0
8.69999999999999,0.988494,0.957431,0.0
8.74999999999999,0.988362,0.954956,0.0
8.79999999999999,0.988228,0.951886,0.0
8.84999999999999,0.988094,0.948642,0.0
8.89999999999999,0.98796,0.944582,0.0
8.949999999999989,0.987824,0.941711,0.0
8.99999999999999,0.987688,0.937634,0.0
9.04999999999999,0.987551,0.93411,0.0
9.099999999999989,0.987414,0.931437,0.0
9.149999999999988,0.987275,0.928665,0.0
9.199999999999989,0.987136,0.925042,0.0
9.24999999999999,0.986996,0.920982,0.0
9.299999999999988,0.986856,0.917121,0.0
9.349999999999987,0.986714,0.912171,0.0
9.399999999999988,0.986572,0.906923,0.0
9.449999999999989,0.986429,0.900726,0.0
9.499999999999988,0.986286,0.896073,0.0
9.549999999999986,0.986141,0.89132,0.0
9.599999999999987,0.985996,0.885578,0.0
9.649999999999988,0.98585,0.878431,0.0
9.699999999999987,0.985703,0.874016,0.0
9.749999999999986,0.985556,0.868908,0.0
9.799999999999986,0.985408,0.862275,0.0
9.849999999999987,0.985259,0.856928,0.0
9.899999999999986,0.985109,0.851127,0.0
9.949999999999985,0.984959,0.84489,0.0
9.999999999999986,0.984808,0.838535,0.0
10.049999999999986,0.984656,0.832833,0.0
10.099999999999985,0.984503,0.826438,0.0
10.149999999999984,0.98435,0.819688,0.0
10.199999999999985,0.984196,0.8126,0.0
10.249999999999986,0.984041,0.804778,0.0
10.299999999999985,0.983885,0.798342,0.0
10.349999999999984,0.983729,0.78981,0.0
10.399999999999984,0.983571,0.781691,0.0
10.449999999999985,0.983414,0.773275,0.0
10.499999999999984,0.983255,0.766938,0.0
10.549999999999983,0.983096,0.758225,0.0
10.599999999999984,0.982935,0.750206,0.0
10.649999999999984,0.982774,0.742028,0.0
10.699999999999983,0.982613,0.732821,0.0
10.749999999999982,0.98245,0.725197,0.0
10.799999999999983,0.982287,0.71801,0.0
10.849999999999984,0.982123,0.710881,0.0
10.899999999999983,0.981959,0.703554,0.0
10.949999999999982,0.981793,0.69508,0.0
10.999999999999982,0.981627,0.6872,0.0
11.049999999999983,0.98146,0.678586,0.0
11.099999999999982,0.981293,0.670071,0.0
11.14999999999998,0.981124,0.660597,0.0
11.199999999999982,0.980955,0.649648,0.0
11.249999999999982,0.980785,0.64143,0.0
11.299999999999981,0.980615,0.632519,0.0
11.34999999999998,0.980443,0.623707,0.0
11.39999999999998,0.980271,0.614202,0.0
11.449999999999982,0.980098,0.605292,0.0
11.49999999999998,0.979925,0.594738,0.0
11.54999999999998,0.97975,0.585134,0.0
11.59999999999998,0.979575,0.574936,0.0
11.64999999999998,0.979399,0.566619,0.0
11.69999999999998,0.979223,0.557015,0.0
11.749999999999979,0.979045,0.547411,0.0
11.79999999999998,0.978867,0.539423,0.0
11.84999999999998,0.978689,0.528334,0.0
11.899999999999979,0.978509,0.516849,0.0
11.949999999999978,0.978329,0.50688,0.0
11.999999999999979,0.978148,0.498167,0.0
12.04999999999998,0.977966,0.489355,0.0
12.099999999999978,0.977783,0.480939,0.0
12.149999999999977,0.9776,0.472425,0.0
12.199999999999978,0.977416,0.462425,0.0
12.249999999999979,0.977231,0.453118,0.0
12.299999999999978,0.977046,0.443613,0.0
12.349999999999977,0.976859,0.434999,0.0
12.399999999999977,0.976672,0.426385,0.0
12.449999999999978,0.976485,0.41701,0.0
12.499999999999977,0.976296,0.408892,0.0
12.549999999999976,0.976107,0.399814,0.0
12.599999999999977,0.975917,0.391398,0.0
12.649999999999977,0.975726,0.383477,0.0
12.699999999999976,0.975535,0.376646,0.0
12.749999999999975,0.975342,0.367537,0.0
12.799999999999976,0.975149,0.360835,0.0
12.849999999999977,0.974956,0.35242,0.0
12.899999999999975,0.974761,0.344103,0.0
12.949999999999974,0.974566,0.335291,0.0
12.999999999999975,0.97437,0.32787,0.0
13.049999999999976,0.974173,0.320444,0.0
13.099999999999975,0.973976,0.311533,0.0
13.149999999999974,0.973778,0.305493,0.0
13.199999999999974,0.973579,0.297275,0.0
13.249999999999975,0.973379,0.290543,0.0
13.299999999999974,0.973179,0.284305,0.0
13.349999999999973,0.972978,0.276879,0.0
13.399999999999974,0.972776,0.270079,0.0
13.449999999999974,0.972573,0.262752,0.0
13.499999999999973,0.97237,0.255327,0.0
13.549999999999972,0.972166,0.248495,0.0
13.599999999999973,0.971961,0.242892,0.0
13.649999999999974,0.971755,0.236321,0.0
13.699999999999973,0.971549,0.229926,0.0
13.749999999999972,0.971342,0.22372,0.0
13.799999999999972,0.971134,0.219957,0.0
13.849999999999973,0.970926,0.215106,0.0
13.899999999999972,0.970716,0.209098,0.0
13.94999999999997,0.970506,0.202761,0.0
13.999999999999972,0.970296,0.198306,0.0
14.049999999999972,0.970084,0.193188,0.0
14.099999999999971,0.969872,0.188337,0.0
14.14999999999997,0.969659,0.18398,0.0
14.19999999999997,0.969445,0.179723,0.0
14.249999999999972,0.969231,0.176159,0.0
14.29999999999997,0.969016,0.172032,0.0
14.34999999999997,0.9688,0.167675,0.0
14.39999999999997,0.968583,0.162923,0.0
14.44999999999997,0.968366,0.158994,0.0
14.49999999999997,0.968148,0.154736,0.0
14.549999999999969,0.967929,0.150281,0.0
14.59999999999997,0.967709,0.146716,0.0
14.64999999999997,0.967489,0.14348,0.0
14.699999999999969,0.967268,0.139947,0.0
14.749999999999968,0.967046,0.136117,0.0
14.799999999999969,0.966823,0.132297,0.0
14.84999999999997,0.9666,0.127774,0.0
14.899999999999968,0.966376,0.124241,0.0
14.949999999999967,0.966151,0.120708,0.0
14.999999999999968,0.965926,0.116945,0.0
15.049999999999969,0.9657,0.114668,0.0
15.099999999999968,0.965473,0.110708,0.0
15.149999999999967,0.965245,0.10866,0.0
15.199999999999967,0.965016,0.105095,0.0
15.249999999999968,0.964787,0.103444,0.0
15.299999999999967,0.964557,0.099911,0.0
15.349999999999966,0.964327,0.097039,0.0
15.399999999999967,0.964095,0.094991,0.0
15.449999999999967,0.963863,0.093043,0.0
15.499999999999966,0.96363,0.091062,0.0
15.549999999999965,0.963397,0.08865,0.0
15.599999999999966,0.963163,0.087493,0.0
15.649999999999967,0.962928,0.085544,0.0
15.699999999999966,0.962692,0.083001,0.0
15.749999999999964,0.962455,0.08112,0.0
15.799999999999965,0.962218,0.079041,0.0
15.849999999999966,0.96198,0.077655,0.0
15.899999999999965,0.961741,0.075706,0.0
15.949999999999964,0.961502,0.074023,0.0
15.999999999999964,0.961262,0.072402,0.0
16.049999999999965,0.961021,0.070849,0.0
16.099999999999966,0.960779,0.069166,0.0
16.149999999999963,0.960537,0.067978,0.0
16.199999999999964,0.960294,0.065899,0.0
16.249999999999964,0.96005,0.064414,0.0
16.29999999999996,0.959805,0.063028,0.0
16.349999999999962,0.95956,0.061376,0.0
16.399999999999963,0.959314,0.060188,0.0
16.449999999999964,0.959067,0.059297,0.0
16.499999999999964,0.95882,0.057852,0.0
16.54999999999996,0.958572,0.056466,0.0
16.599999999999962,0.958323,0.05521,0.0
16.649999999999963,0.958073,0.054152,0.0
16.69999999999996,0.957822,0.053756,3e-06
16.74999999999996,0.957571,0.052442,3e-06
16.79999999999996,0.957319,0.051682,3e-06
16.849999999999962,0.957067,0.05079,6e-06
16.899999999999963,0.956814,0.049899,9e-06
16.94999999999996,0.95656,0.049008,1.5e-05
16.99999999999996,0.956305,0.048248,1.5e-05
17.04999999999996,0.956049,0.047586,1.5e-05
17.09999999999996,0.955793,0.046398,1.5e-05
17.14999999999996,0.955536,0.045736,1.5e-05
17.19999999999996,0.955278,0.044746,1.9e-05
17.24999999999996,0.95502,0.04435,2.2e-05
17.29999999999996,0.954761,0.044053,2.8e-05
17.34999999999996,0.954501,0.043756,2.8e-05
17.39999999999996,0.95424,0.042865,2.8e-05
17.44999999999996,0.953979,0.042568,3.4e-05
17.499999999999957,0.953717,0.042203,3.7e-05
17.549999999999958,0.953454,0.041609,4e-05
17.59999999999996,0.953191,0.040124,5e-05
17.64999999999996,0.952926,0.03953,5.6e-05
17.69999999999996,0.952661,0.038868,6.2e-05
17.749999999999957,0.952396,0.038472,6.2e-05
17.799999999999958,0.952129,0.038175,6.5e-05
17.84999999999996,0.951862,0.037513,7.1e-05
17.899999999999956,0.951594,0.036752,7.1e-05
17.949999999999957,0.951326,0.035893,8.4e-05
17.999999999999957,0.951057,0.0352,9.3e-05
18.049999999999958,0.950786,0.034903,0.000105
18.09999999999996,0.950516,0.034606,0.000105
18.149999999999956,0.950244,0.033814,0.000115
18.199999999999957,0.949972,0.033318,0.000124
18.249999999999957,0.949699,0.033318,0.000133
18.299999999999955,0.949425,0.032589,0.000136
18.349999999999955,0.949151,0.031828,0.000142
18.399999999999956,0.948876,0.031531,0.000146
18.449999999999957,0.9486,0.031333,0.000158
18.499999999999957,0.948324,0.03087,0.000167
18.549999999999955,0.948046,0.030573,0.00017
18.599999999999955,0.947768,0.03001,0.00018
18.649999999999956,0.94749,0.029614,0.000201
18.699999999999953,0.94721,0.029119,0.000226
18.749999999999954,0.94693,0.028822,0.000235
18.799999999999955,0.946649,0.028525,0.000245
18.849999999999955,0.946368,0.02816,0.000257
18.899999999999956,0.946085,0.027665,0.000263
18.949999999999953,0.945802,0.027467,0.000276
18.999999999999954,0.945519,0.02717,0.000297
19.049999999999955,0.945234,0.026972,0.000322
19.09999999999995,0.944949,0.026508,0.000337
19.149999999999952,0.944663,0.025946,0.000359
19.199999999999953,0.944376,0.02545,0.000381
19.249999999999954,0.944089,0.024955,0.000399
19.299999999999955,0.943801,0.024856,0.000406
19.34999999999995,0.943512,0.024658,0.000421
19.399999999999952,0.943223,0.024559,0.00044
19.449999999999953,0.942932,0.024064,0.000461
19.49999999999995,0.942641,0.023767,0.00048
19.54999999999995,0.94235,0.023371,0.000495
19.59999999999995,0.942057,0.023272,0.000526
19.649999999999952,0.941764,0.022975,0.00057
19.699999999999953,0.941471,0.022975,0.00061
19.74999999999995,0.941176,0.022876,0.000635
19.79999999999995,0.940881,0.02248,0.000656
19.84999999999995,0.940585,0.022183,0.000687
19.89999999999995,0.940288,0.021985,0.000721
19.94999999999995,0.939991,0.021787,0.000768
19.99999999999995,0.939693,0.021391,0.00082
20.04999999999995,0.939394,0.021193,0.000885
20.09999999999995,0.939094,0.021094,0.000932
20.14999999999995,0.938794,0.020896,0.000991
20.19999999999995,0.938493,0.020599,0.001025
20.24999999999995,0.938191,0.020401,0.001065
20.299999999999947,0.937889,0.020104,0.001121
20.349999999999948,0.937586,0.020005,0.001173
20.39999999999995,0.937282,0.020005,0.001217
20.44999999999995,0.936977,0.020005,0.001285
20.49999999999995,0.936672,0.020005,0.001362
20.549999999999947,0.936366,0.019807,0.00143
20.599999999999948,0.93606,0.019609,0.001511
20.64999999999995,0.935752,0.01951,0.001588
20.699999999999946,0.935444,0.019114,0.001653
20.749999999999947,0.935135,0.018817,0.001731
20.799999999999947,0.934826,0.018619,0.001817
20.849999999999948,0.934515,0.018322,0.001898
20.89999999999995,0.934204,0.018223,0.001994
20.949999999999946,0.933893,0.018025,0.002093
20.999999999999947,0.93358,0.017728,0.00217
21.049999999999947,0.933267,0.017561,0.002251
21.099999999999945,0.932954,0.017295,0.002381
21.149999999999945,0.932639,0.017196,0.002529
21.199999999999946,0.932324,0.017097,0.002656
21.249999999999947,0.932008,0.016899,0.002759
21.299999999999947,0.931691,0.0168,0.002867
21.349999999999945,0.931374,0.016701,0.002969
21.399999999999945,0.931056,0.016602,0.003102
21.449999999999946,0.930737,0.016305,0.003207
21.499999999999943,0.930418,0.01604,0.003402
21.549999999999944,0.930097,0.015644,0.003542
21.599999999999945,0.929776,0.015446,0.003749
21.649999999999945,0.929455,0.015347,0.003929
21.699999999999946,0.929133,0.01505,0.004155
21.749999999999943,0.92881,0.014851,0.004322
21.799999999999944,0.928486,0.014455,0.004505
21.849999999999945,0.928161,0.014257,0.004709
21.89999999999994,0.927836,0.014059,0.004926
21.949999999999942,0.92751,0.013861,0.005161
21.999999999999943,0.927184,0.013366,0.005402
22.049999999999944,0.926857,0.013267,0.005632
22.099999999999945,0.926529,0.013168,0.005885
22.14999999999994,0.9262,0.01297,0.006142
22.199999999999942,0.925871,0.012871,0.006393
22.249999999999943,0.925541,0.012574,0.006635
22.29999999999994,0.92521,0.012178,0.006932
22.34999999999994,0.924878,0.01198,0.00718
22.39999999999994,0.924546,0.01198,0.007452
22.449999999999942,0.924213,0.011881,0.007793
22.499999999999943,0.92388,0.011683,0.008059
22.54999999999994,0.923545,0.011485,0.008446
22.59999999999994,0.92321,0.011386,0.008783
22.64999999999994,0.922875,0.011287,0.009139
22.69999999999994,0.922538,0.010792,0.00948
22.74999999999994,0.922201,0.010792,0.009793
22.79999999999994,0.921863,0.010495,0.010146
22.84999999999994,0.921525,0.010198,0.010567
22.89999999999994,0.921185,0.01,0.010904
22.94999999999994,0.920845,0.009802,0.011347
22.99999999999994,0.920505,0.009505,0.011765
23.04999999999994,0.920164,0.009307,0.012241
23.099999999999937,0.919821,0.009307,0.012712
23.149999999999938,0.919479,0.009208,0.013149
23.19999999999994,0.919135,0.00901,0.013576
23.24999999999994,0.918791,0.008911,0.014059
23.29999999999994,0.918446,0.008812,0.014508
23.349999999999937,0.918101,0.008713,0.015108
23.399999999999938,0.917755,0.008416,0.015628
23.44999999999994,0.917408,0.00802,0.016189
23.499999999999936,0.91706,0.007822,0.016659
23.549999999999937,0.916712,0.007723,0.017149
23.599999999999937,0.916363,0.007624,0.01783
23.649999999999938,0.916013,0.007327,0.018365
23.69999999999994,0.915663,0.007228,0.019015
23.749999999999936,0.915311,0.00703,0.019669
23.799999999999937,0.91496,0.006931,0.020384
23.849999999999937,0.914607,0.006931,0.021074
23.899999999999935,0.914254,0.006931,0.021777
23.949999999999935,0.9139,0.006832,0.022433
23.999999999999936,0.913545,0.006535,0.023096
24.049999999999937,0.91319,0.006337,0.023746
24.099999999999937,0.912834,0.006238,0.024523
24.149999999999935,0.912477,0.006139,0.025353
24.199999999999935,0.91212,0.005941,0.026142
24.249999999999936,0.911762,0.005842,0.02695
24.299999999999933,0.911403,0.005743,0.027762
24.349999999999934,0.911044,0.005644,0.028684
24.399999999999935,0.910684,0.005347,0.029588
24.449999999999935,0.910323,0.00505,0.030421
24.499999999999936,0.909961,0.004851,0.031418
24.549999999999933,0.909599,0.004752,0.032303
24.599999999999934,0.909236,0.004752,0.033313
24.649999999999935,0.908872,0.004653,0.034241
24.699999999999932,0.908508,0.004653,0.035263
24.749999999999932,0.908143,0.004653,0.03626
24.799999999999933,0.907777,0.004554,0.03735
24.849999999999934,0.907411,0.004455,0.03843
24.899999999999935,0.907044,0.004158,0.039514
24.949999999999932,0.906676,0.004059,0.040693
24.999999999999932,0.906308,0.004059,0.041833
25.049999999999933,0.905939,0.003861,0.043074
25.09999999999993,0.905569,0.003861,0.044334
25.14999999999993,0.905198,0.003762,0.04556
25.199999999999932,0.904827,0.003663,0.046854
25.249999999999932,0.904455,0.003663,0.048251
25.299999999999933,0.904083,0.003663,0.049659
25.34999999999993,0.903709,0.003564,0.050898
25.39999999999993,0.903335,0.003465,0.052356
25.449999999999932,0.902961,0.003366,0.053709
25.49999999999993,0.902585,0.003267,0.055108
25.54999999999993,0.902209,0.003267,0.056554
25.59999999999993,0.901833,0.003267,0.057981
25.64999999999993,0.901455,0.003267,0.05952
25.699999999999932,0.901077,0.003069,0.061111
25.74999999999993,0.900698,0.003069,0.062669
25.79999999999993,0.900319,0.003069,0.06418
25.84999999999993,0.899939,0.002871,0.06592
25.899999999999928,0.899558,0.002871,0.06756
25.94999999999993,0.899176,0.002772,0.069211
25.99999999999993,0.898794,0.002772,0.07092
26.04999999999993,0.898411,0.002772,0.07261
26.09999999999993,0.898028,0.002772,0.0743
26.149999999999928,0.897643,0.002772,0.076102
26.19999999999993,0.897258,0.002772,0.077882
26.24999999999993,0.896873,0.002673,0.079693
26.299999999999926,0.896486,0.002574,0.081511
26.349999999999927,0.896099,0.002574,0.083334
26.399999999999928,0.895712,0.002574,0.085235
26.44999999999993,0.895323,0.002574,0.087065
26.49999999999993,0.894934,0.002475,0.088981
26.549999999999926,0.894545,0.002376,0.090885
26.599999999999927,0.894154,0.002277,0.092836
26.649999999999928,0.893763,0.002277,0.094929
26.699999999999925,0.893371,0.002277,0.097003
26.749999999999925,0.892979,0.002277,0.099043
26.799999999999926,0.892586,0.002277,0.101251
26.849999999999927,0.892192,0.002079,0.103359
26.899999999999928,0.891798,0.00198,0.105743
26.949999999999925,0.891402,0.001881,0.107839
26.999999999999925,0.891007,0.001881,0.110053
27.049999999999926,0.89061,0.001782,0.112418
27.099999999999923,0.890213,0.001683,0.114734
27.149999999999924,0.889815,0.001683,0.116972
27.199999999999925,0.889416,0.001584,0.119297
27.249999999999925,0.889017,0.001584,0.121802
27.299999999999926,0.888617,0.001584,0.124217
27.349999999999923,0.888217,0.001584,0.126514
27.399999999999924,0.887815,0.001584,0.12913
27.449999999999925,0.887413,0.001584,0.131647
27.499999999999922,0.887011,0.001584,0.134319
27.549999999999923,0.886608,0.001584,0.136966
27.599999999999923,0.886204,0.001386,0.139483
27.649999999999924,0.885799,0.001386,0.142232
27.699999999999925,0.885394,0.001386,0.144935
27.749999999999922,0.884988,0.001386,0.147663
27.799999999999923,0.884581,0.001386,0.150433
27.849999999999923,0.884174,0.001386,0.153263
27.89999999999992,0.883766,0.001386,0.156164
27.94999999999992,0.883357,0.001386,0.159096
27.999999999999922,0.882948,0.001386,0.162022
28.049999999999923,0.882538,0.001386,0.164972
28.099999999999923,0.882127,0.001386,0.167721
28.14999999999992,0.881715,0.001386,0.170864
28.19999999999992,0.881303,0.001287,0.17369
28.249999999999922,0.880891,0.001188,0.176898
28.29999999999992,0.880477,0.001089,0.180025
28.34999999999992,0.880063,0.00099,0.183245
28.39999999999992,0.879649,0.00099,0.186464
28.44999999999992,0.879233,0.000792,0.189449
28.499999999999922,0.878817,0.000792,0.192728
28.54999999999992,0.8784,0.000792,0.19609
28.59999999999992,0.877983,0.000792,0.199393
28.64999999999992,0.877565,0.000792,0.202678
28.699999999999918,0.877146,0.000792,0.205975
28.74999999999992,0.876727,0.000792,0.209356
28.79999999999992,0.876307,0.000792,0.212663
28.84999999999992,0.875886,0.000792,0.216161
28.89999999999992,0.875465,0.000792,0.219514
28.949999999999918,0.875042,0.000693,0.22313
28.99999999999992,0.87462,0.000693,0.226514
29.04999999999992,0.874196,0.000693,0.230006
29.099999999999916,0.873772,0.000693,0.233467
29.149999999999917,0.873347,0.000693,0.237173
29.199999999999918,0.872922,0.000594,0.240783
29.24999999999992,0.872496,0.000594,0.244362
29.29999999999992,0.872069,0.000495,0.248108
29.349999999999916,0.871642,0.000495,0.252
29.399999999999917,0.871214,0.000396,0.255814
29.449999999999918,0.870785,0.000396,0.2597
29.499999999999915,0.870356,0.000396,0.263415
29.549999999999915,0.869926,0.000396,0.26704
29.599999999999916,0.869495,0.000396,0.270938
29.649999999999917,0.869064,0.000396,0.274947
29.699999999999918,0.868632,0.000297,0.27891
29.749999999999915,0.868199,0.000297,0.283102
29.799999999999915,0.867765,0.000297,0.287248
29.849999999999916,0.867331,0.000297,0.291433
29.899999999999913,0.866897,0.000297,0.29556
29.949999999999914,0.866461,0.000297,0.29957
29.999999999999915,0.866025,0.000297,0.303768
30.049999999999915,0.865589,0.000297,0.307892
30.099999999999916,0.865151,0.000297,0.311817
30.149999999999913,0.864713,0.000297,0.315957
30.199999999999914,0.864275,0.000198,0.320282
30.249999999999915,0.863836,9.9e-05,0.324464
30.299999999999912,0.863396,9.9e-05,0.328861
30.349999999999913,0.862955,9.9e-05,0.333062
30.399999999999913,0.862514,9.9e-05,0.33757
30.449999999999914,0.862072,9.9e-05,0.341814
30.499999999999915,0.861629,9.9e-05,0.346214
30.549999999999912,0.861186,9.9e-05,0.350693
30.599999999999913,0.860742,9.9e-05,0.355198
30.649999999999913,0.860297,9.9e-05,0.359533
30.69999999999991,0.859852,9.9e-05,0.364111
30.74999999999991,0.859406,9.9e-05,0.368467
30.799999999999912,0.85896,9.9e-05,0.373176
30.849999999999913,0.858513,9.9e-05,0.377842
30.899999999999913,0.858065,9.9e-05,0.382585
30.94999999999991,0.857616,9.9e-05,0.387341
30.99999999999991,0.857167,9.9e-05,0.39204
31.049999999999912,0.856718,9.9e-05,0.396752
31.09999999999991,0.856267,9.9e-05,0.401483
31.14999999999991,0.855816,9.9e-05,0.406266
31.19999999999991,0.855364,9.9e-05,0.41092
31.24999999999991,0.854912,9.9e-05,0.415814
31.299999999999912,0.854459,9.9e-05,0.420666
31.34999999999991,0.854005,9.9e-05,0.425514
31.39999999999991,0.853551,9.9e-05,0.430269
31.44999999999991,0.853096,9.9e-05,0.435176
31.499999999999908,0.85264,9.9e-05,0.440229
31.54999999999991,0.852184,9.9e-05,0.445334
31.59999999999991,0.851727,9.9e-05,0.45044
31.64999999999991,0.851269,9.9e-05,0.455452
31.69999999999991,0.850811,9.9e-05,0.460062
31.749999999999908,0.850352,9.9e-05,0.464963
31.79999999999991,0.849893,9.9e-05,0.469944
31.84999999999991,0.849433,9.9e-05,0.475046
31.899999999999906,0.848972,9.9e-05,0.48022
31.949999999999907,0.84851,9.9e-05,0.485226
31.999999999999908,0.848048,9.9e-05,0.490164
32.04999999999991,0.847585,9.9e-05,0.495341
32.09999999999991,0.847122,9.9e-05,0.500353
32.149999999999906,0.846658,9.9e-05,0.50518
32.1999999999999,0.846193,9.9e-05,0.510276
32.24999999999991,0.845728,9.9e-05,0.515446
32.299999999999905,0.845262,9.9e-05,0.520616
32.34999999999991,0.844795,9.9e-05,0.525607
32.399999999999906,0.844328,9.9e-05,0.530607
32.4499999999999,0.84386,9.9e-05,0.53557
32.49999999999991,0.843391,9.9e-05,0.540675
32.549999999999905,0.842922,9.9e-05,0.545867
32.59999999999991,0.842452,9.9e-05,0.55108
32.649999999999906,0.841982,9.9e-05,0.556285
32.6999999999999,0.841511,9.9e-05,0.561563
32.7499999999999,0.841039,9.9e-05,0.566796
32.799999999999905,0.840567,9.9e-05,0.571966
32.84999999999991,0.840094,9.9e-05,0.577263
32.899999999999906,0.83962,9.9e-05,0.5823
32.9499999999999,0.839146,9.9e-05,0.587505
32.9999999999999,0.838671,9.9e-05,0.592706
33.049999999999905,0.838195,9.9e-05,0.597684
33.0999999999999,0.837719,9.9e-05,0.602814
33.149999999999906,0.837242,9.9e-05,0.607873
33.1999999999999,0.836764,9.9e-05,0.613025
33.2499999999999,0.836286,9.9e-05,0.618269
33.299999999999905,0.835807,9.9e-05,0.623545
33.3499999999999,0.835328,9.9e-05,0.628477
33.399999999999906,0.834848,9.9e-05,0.633533
33.4499999999999,0.834367,9.9e-05,0.638402
33.4999999999999,0.833886,9.9e-05,0.64335
33.5499999999999,0.833404,9.9e-05,0.648229
33.5999999999999,0.832921,9.9e-05,0.653214
33.649999999999906,0.832438,9.9e-05,0.658288
33.6999999999999,0.831954,9.9e-05,0.663201
33.7499999999999,0.83147,9.9e-05,0.667954
33.7999999999999,0.830984,9.9e-05,0.672697
33.8499999999999,0.830499,9.9e-05,0.677811
33.8999999999999,0.830012,9.9e-05,0.682724
33.9499999999999,0.829525,9.9e-05,0.687721
33.9999999999999,0.829038,9.9e-05,0.692427
34.0499999999999,0.828549,9.9e-05,0.697263
34.0999999999999,0.82806,9.9e-05,0.702056
34.1499999999999,0.827571,9.9e-05,0.706997
34.1999999999999,0.827081,9.9e-05,0.711675
34.2499999999999,0.82659,9.9e-05,0.716375
34.2999999999999,0.826098,9.9e-05,0.721065
34.349999999999895,0.825606,9.9e-05,0.725458
34.3999999999999,0.825113,9.9e-05,0.73004
34.4499999999999,0.82462,9.9e-05,0.734471
34.4999999999999,0.824126,9.9e-05,0.739149
34.5499999999999,0.823632,0.0,0.743604
34.599999999999895,0.823136,0.0,0.748025
34.6499999999999,0.822641,0.0,0.752291
34.699999999999896,0.822144,0.0,0.756644
34.7499999999999,0.821647,0.0,0.761071
34.7999999999999,0.821149,0.0,0.765449
34.849999999999895,0.820651,0.0,0.769765
34.8999999999999,0.820152,0.0,0.77391
34.949999999999896,0.819652,0.0,0.778006
34.9999999999999,0.819152,0.0,0.782232
35.0499999999999,0.818651,0.0,0.786393
35.099999999999895,0.81815,0.0,0.79082
35.14999999999989,0.817648,0.0,0.794771
35.199999999999896,0.817145,0.0,0.798635
35.2499999999999,0.816642,0.0,0.802502
35.2999999999999,0.816138,0.0,0.80648
35.349999999999895,0.815633,0.0,0.810526
35.39999999999989,0.815128,0.0,0.81418
35.449999999999896,0.814622,0.0,0.818102
35.49999999999989,0.814116,0.0,0.821972
35.5499999999999,0.813608,0.0,0.825802
35.599999999999895,0.813101,0.0,0.829579
35.64999999999989,0.812592,0.0,0.833115
35.699999999999896,0.812084,0.0,0.836786
35.74999999999989,0.811574,0.0,0.840334
35.7999999999999,0.811064,0.0,0.843811
35.849999999999895,0.810553,0.0,0.84722
35.89999999999989,0.810042,0.0,0.850387
35.94999999999989,0.80953,0.0,0.853656
35.99999999999989,0.809017,0.0,0.856929
36.0499999999999,0.808504,0.0,0.860136
36.099999999999895,0.80799,0.0,0.863409
36.14999999999989,0.807475,0.0,0.866576
36.19999999999989,0.80696,0.0,0.869579
36.24999999999989,0.806445,0.0,0.872594
36.29999999999989,0.805928,0.0,0.875604
36.349999999999895,0.805411,0.0,0.878406
36.39999999999989,0.804894,0.0,0.881084
36.44999999999989,0.804376,0.0,0.883731
36.49999999999989,0.803857,0.0,0.88643
36.54999999999989,0.803337,0.0,0.889235
36.599999999999895,0.802817,0.0,0.891985
36.64999999999989,0.802297,0.0,0.894576
36.69999999999989,0.801776,0.0,0.897028
36.749999999999886,0.801254,0.0,0.899728
36.79999999999989,0.800731,0.0,0.902248
36.849999999999895,0.800208,0.0,0.904703
36.89999999999989,0.799685,0.0,0.907136
36.94999999999989,0.79916,0.0,0.909458
36.999999999999886,0.798636,0.0,0.911768
37.04999999999989,0.79811,0.0,0.914173
37.09999999999989,0.797584,0.0,0.916409
37.14999999999989,0.797057,0.0,0.918495
37.19999999999989,0.79653,0.0,0.920659
37.249999999999886,0.796002,0.0,0.922789
37.29999999999989,0.795473,0.0,0.924858
37.34999999999989,0.794944,0.0,0.926892
37.39999999999989,0.794415,0.0,0.92882
37.44999999999989,0.793884,0.0,0.930718
37.499999999999886,0.793353,0.0,0.932709
37.54999999999988,0.792822,0.0,0.934545
37.59999999999989,0.79229,0.0,0.936362
37.64999999999989,0.791757,0.0,0.938077
37.69999999999989,0.791224,0.0,0.93974
37.749999999999886,0.79069,0.0,0.94148
37.79999999999988,0.790155,0.0,0.943084
37.84999999999989,0.78962,0.0,0.944771
37.899999999999885,0.789084,0.0,0.946409
37.94999999999989,0.788548,0.0,0.948006
37.999999999999886,0.788011,0.0,0.949551
38.04999999999988,0.787473,0.0,0.95104
38.09999999999989,0.786935,0.0,0.952406
38.149999999999885,0.786396,0.0,0.953802
38.19999999999989,0.785857,0.0,0.955139
38.249999999999886,0.785317,0.0,0.956498
38.29999999999988,0.784776,0.0,0.957728
38.34999999999989,0.784235,0.0,0.959003
38.399999999999885,0.783693,0.0,0.960248
38.44999999999988,0.783151,0.0,0.961421
38.499999999999886,0.782608,0.0,0.962635
38.54999999999988,0.782065,0.0,0.963777
38.59999999999988,0.78152,0.0,0.96496
38.649999999999885,0.780976,0.0,0.966093
38.69999999999988,0.78043,0.0,0.967167
38.749999999999886,0.779884,0.0,0.968251
38.79999999999988,0.779338,0.0,0.969229
38.84999999999988,0.778791,0.0,0.970254
38.899999999999885,0.778243,0.0,0.971167
38.94999999999988,0.777695,0.0,0.972155
38.999999999999886,0.777146,0.0,0.973093
39.04999999999988,0.776596,0.0,0.973988
39.09999999999988,0.776046,0.0,0.974895
39.149999999999885,0.775496,0.0,0.975659
39.19999999999988,0.774944,0.0,0.97639
39.24999999999988,0.774393,0.0,0.977158
39.29999999999988,0.77384,0.0,0.977864
39.34999999999988,0.773287,0.0,0.978517
39.39999999999988,0.772734,0.0,0.979183
39.44999999999988,0.772179,0.0,0.979926
39.49999999999988,0.771625,0.0,0.980632
39.54999999999988,0.771069,0.0,0.981322
39.59999999999988,0.770513,0.0,0.982003
39.64999999999988,0.769957,0.0,0.982628
39.69999999999988,0.7694,0.0,0.983291
39.74999999999988,0.768842,0.0,0.983882
39.79999999999988,0.768284,0.0,0.984446
39.84999999999988,0.767725,0.0,0.985053
39.89999999999988,0.767165,0.0,0.985588
39.94999999999988,0.766605,0.0,0.986059
39.99999999999988,0.766044,0.0,0.986567
40.049999999999876,0.765483,0.0,0.987056
40.09999999999988,0.764921,0.0,0.987545
40.14999999999988,0.764359,0.0,0.987954
40.199999999999875,0.763796,0.0,0.988471
40.24999999999988,0.763232,0.0,0.988845
40.299999999999876,0.762668,0.0,0.989254
40.34999999999988,0.762104,0.0,0.989669
40.39999999999988,0.761538,0.0,0.990102
40.449999999999875,0.760972,0.0,0.990452
40.49999999999988,0.760406,0.0,0.99087
40.549999999999876,0.759839,0.0,0.991192
40.59999999999988,0.759271,0.0,0.99157
40.64999999999988,0.758703,0.0,0.991904
40.699999999999875,0.758134,0.0,0.992195
40.74999999999988,0.757565,0.0,0.99243
40.799999999999876,0.756995,0.0,0.99278
40.84999999999987,0.756425,0.0,0.99317
40.89999999999988,0.755853,0.0,0.993443
40.949999999999875,0.755282,0.0,0.993771
40.99999999999987,0.75471,0.0,0.994037
41.049999999999876,0.754137,0.0,0.994276
41.09999999999987,0.753563,0.0,0.994526
41.14999999999988,0.752989,0.0,0.994749
41.199999999999875,0.752415,0.0,0.994954
41.24999999999987,0.75184,0.0,0.995176
41.299999999999876,0.751264,0.0,0.995353
41.34999999999987,0.750688,0.0,0.995588
41.39999999999988,0.750111,0.0,0.995762
41.449999999999875,0.749534,0.0,0.99595
41.49999999999987,0.748956,0.0,0.996152
41.549999999999876,0.748377,0.0,0.996322
41.59999999999987,0.747798,0.0,0.996455
41.64999999999987,0.747218,0.0,0.996582
41.699999999999875,0.746638,0.0,0.996731
41.74999999999987,0.746057,0.0,0.996864
41.79999999999987,0.745476,0.0,0.997006
41.84999999999987,0.744894,0.0,0.99713
41.89999999999987,0.744312,0.0,0.997241
41.949999999999875,0.743728,0.0,0.997375
41.99999999999987,0.743145,0.0,0.997477
42.04999999999987,0.742561,0.0,0.997598
42.09999999999987,0.741976,0.0,0.997675
42.14999999999987,0.741391,0.0,0.997774
42.199999999999875,0.740805,0.0,0.997854
42.24999999999987,0.740218,0.0,0.997963
42.29999999999987,0.739631,0.0,0.998059
42.34999999999987,0.739043,0.0,0.99813
42.39999999999987,0.738455,0.0,0.998214
42.44999999999987,0.737867,0.0,0.998276
42.49999999999987,0.737277,0.0,0.998359
42.54999999999987,0.736687,0.0,0.99844
42.599999999999866,0.736097,0.0,0.99852
42.64999999999987,0.735506,0.0,0.998591
42.69999999999987,0.734915,0.0,0.998659
42.74999999999987,0.734323,0.0,0.998746
42.79999999999987,0.73373,0.0,0.998799
42.849999999999866,0.733137,0.0,0.998851
42.89999999999987,0.732543,0.0,0.998898
42.94999999999987,0.731949,0.0,0.998978
42.99999999999987,0.731354,0.0,0.999037
43.04999999999987,0.730758,0.0,0.999084
43.099999999999866,0.730162,0.0,0.999139
43.14999999999987,0.729566,0.0,0.999183
43.19999999999987,0.728969,0.0,0.999214
43.249999999999865,0.728371,0.0,0.999248
43.29999999999987,0.727773,0.0,0.999276
43.349999999999866,0.727174,0.0,0.99931
43.399999999999864,0.726575,0.0,0.999331
43.44999999999987,0.725975,0.0,0.999381
43.499999999999865,0.725374,0.0,0.999399
43.54999999999987,0.724773,0.0,0.999433
43.599999999999866,0.724172,0.0,0.999471
43.649999999999864,0.72357,0.0,0.999492
43.69999999999987,0.722967,0.0,0.999508
43.749999999999865,0.722364,0.0,0.999533
43.79999999999987,0.72176,0.0,0.999542
43.849999999999866,0.721156,0.0,0.999557
43.899999999999864,0.720551,0.0,0.999573
43.94999999999987,0.719946,0.0,0.999604
43.999999999999865,0.71934,0.0,0.999635
44.04999999999986,0.718733,0.0,0.999656
44.099999999999866,0.718126,0.0,0.999678
44.149999999999864,0.717519,0.0,0.999715
44.19999999999986,0.716911,0.0,0.999721
44.249999999999865,0.716302,0.0,0.999743
44.29999999999986,0.715693,0.0,0.999755
44.349999999999866,0.715083,0.0,0.999759
44.399999999999864,0.714473,0.0,0.999768
44.44999999999986,0.713862,0.0,0.999783
44.499999999999865,0.71325,0.0,0.999793
44.54999999999986,0.712639,0.0,0.999802
44.599999999999866,0.712026,0.0,0.999814
44.649999999999864,0.711413,0.0,0.999833
44.69999999999986,0.710799,0.0,0.999845
44.749999999999865,0.710185,0.0,0.999845
44.79999999999986,0.709571,0.0,0.999854
44.84999999999986,0.708956,0.0,0.999858
44.899999999999864,0.70834,0.0,0.999858
44.94999999999986,0.707724,0.0,0.99987
44.99999999999986,0.707107,0.0,0.999873
45.04999999999986,0.706489,0.0,0.999876
45.09999999999986,0.705872,0.0,0.999882
45.149999999999864,0.705253,0.0,0.999889
45.19999999999986,0.704634,0.0,0.999892
45.24999999999986,0.704015,0.0,0.999892
45.29999999999986,0.703395,0.0,0.999895
45.34999999999986,0.702774,0.0,0.999898
45.399999999999864,0.702153,0.0,0.999907
45.44999999999986,0.701531,0.0,0.99991
45.49999999999986,0.700909,0.0,0.99991
45.54999999999986,0.700287,0.0,0.99991
45.59999999999986,0.699663,0.0,0.99992
45.64999999999986,0.69904,0.0,0.99992
45.69999999999986,0.698415,0.0,0.999923
45.74999999999986,0.69779,0.0,0.999923
45.799999999999855,0.697165,0.0,0.999923
45.84999999999986,0.696539,0.0,0.999926
45.89999999999986,0.695913,0.0,0.999932
45.94999999999986,0.695286,0.0,0.999941
45.99999999999986,0.694658,0.0,0.999944
46.049999999999855,0.69403,0.0,0.999947
46.09999999999986,0.693402,0.0,0.99995
46.14999999999986,0.692773,0.0,0.99996
46.19999999999986,0.692143,0.0,0.99996
46.24999999999986,0.691513,0.0,0.999963
46.299999999999855,0.690882,0.0,0.999966
46.34999999999986,0.690251,0.0,0.999969
46.39999999999986,0.68962,0.0,0.999969
46.449999999999854,0.688987,0.0,0.999972
46.49999999999986,0.688355,0.0,0.999972
46.549999999999855,0.687721,0.0,0.999972
46.59999999999985,0.687088,0.0,0.999972
46.64999999999986,0.686453,0.0,0.999972
46.699999999999854,0.685818,0.0,0.999978
46.74999999999986,0.685183,0.0,0.999978
46.799999999999855,0.684547,0.0,0.999978
46.84999999999985,0.683911,0.0,0.999978
46.89999999999986,0.683274,0.0,0.999985
46.949999999999854,0.682636,0.0,0.999985
46.99999999999986,0.681998,0.0,0.999985
47.049999999999855,0.68136,0.0,0.999988
47.09999999999985,0.680721,0.0,0.999988
47.14999999999986,0.680081,0.0,0.999991
47.199999999999854,0.679441,0.0,0.999991
47.24999999999985,0.678801,0.0,0.999991
47.299999999999855,0.67816,0.0,0.999994
47.34999999999985,0.677518,0.0,0.999994
47.39999999999985,0.676876,0.0,0.999994
47.449999999999854,0.676233,0.0,0.999997
47.49999999999985,0.67559,0.0,0.999997
47.549999999999855,0.674947,0.0,1.0
47.59999999999985,0.674302,0.0,1.0
47.64999999999985,0.673658,0.0,1.0
47.699999999999854,0.673013,0.0,1.0
47.74999999999985,0.672367,0.0,1.0
47.799999999999855,0.671721,0.0,1.0
47.84999999999985,0.671074,0.0,1.0
47.89999999999985,0.670427,0.0,1.0
47.949999999999854,0.669779,0.0,1.0
47.99999999999985,0.669131,0.0,1.0
